model_year,time_day,M0_atoms_m2,Pw_atoms_m2_at_Ai_min,Pw_dpm_100L_at_Ai_min,Pi_atoms_m2_at_Ai_min,Pi_dpm_100L_at_Ai_min
0,272.5,320000000.0,109860.48052015164,0.7209594034134952,117307.91719296665,0.7698332065788437
1,637.5,320000000.0,191115.07273109938,1.2541926647978396,208221.14096136484,1.366451237558957
2,1002.5,320000000.0,232472.41321240732,1.5256002117064231,255975.0743140209,1.6798364251857623
3,1367.5,320000000.0,253522.89368259066,1.6637439897920012,280281.35778669355,1.8393464104751764
4,1732.5,320000000.0,264237.3816759817,1.7340578172486298,292653.0175595335,1.9205354277344384
5,2097.5,468568493.15068495,286702.0909496359,1.8814824718569858,301714.041985584,1.9799984005303952
6,2462.5,518893346.37964773,360677.7678725748,2.3669478516637725,395253.05896081286,2.593848199430335
7,2827.5,518750489.2367906,402784.1315319872,2.643270863178666,444902.4896640734,2.919672588420482
8,3192.5,518607632.09393346,424155.66022073134,2.7835215201985495,469585.03612660355,3.0816517995808357
9,3557.5,518464774.9510763,434973.2029299149,2.8545116442275673,482081.249106191,3.1636581972593785
10,3922.5,518321917.8082192,440418.87034054537,2.8902488366098296,488374.73792604223,3.2049592176396526
11,4287.5,518179060.66536206,443130.3059378064,2.9080426327168545,491511.1010152048,3.2255416004122814
12,4652.5,518036203.52250487,444450.0443727629,2.9167034161962566,493040.51808795624,3.2355783999522134
13,5017.5,518000000.0,445073.63448234147,2.9207957262903665,493753.9995930627,3.2402606223294743
