Pi,Pw
2.60160074611371,2.193236428107498
2.6052478366470955,2.230296978880848
2.627514190417291,2.186969187927889
2.5805214685250544,2.1267693423680427
2.596272281409945,2.2113402428424003
2.604004756446318,2.1492655476971407
2.5507939367449506,2.1827454572921394
2.588692713521756,2.107939160262726
2.5470254753957056,2.1526674744797347
2.608034039402455,2.1921763157257073
2.5738178050365246,2.2239154540312103
2.616308632854238,2.200874589226642
2.624888279006826,2.1735770962807495
2.6157277630367144,2.2245227179359417
2.603870333858177,2.210563343063423
2.616752496999902,2.1989840628894526
2.6203845043985488,2.206602526390696
2.59512350103712,2.163771381323117
2.6029680819163628,2.2461140497166525
2.6177553994461027,2.2455697353273405
2.6149579846165856,2.2155759446260097
2.585051610304248,2.2546901281506786
2.6052637527704636,2.2345807008517986
2.6114749225269347,2.2860889158126407
2.6092709268077754,2.187117461394464
2.6105585256956463,2.17691704282474
2.618743398355345,2.175726457250243
2.570005621296775,2.1880354972477716
2.5882965673220237,2.145896780632616
2.5975446560436484,2.149433479113857
2.6019341925781183,2.199554772369371
2.6126507401193715,2.2368790754521237
2.5921961730526384,2.169968721282983
2.6337754925619667,2.1774762697753465
2.61474760301188,2.184745763185735
2.6044464027261984,2.2137178572050797
2.5777191383399556,2.1594592394573837
2.600587965982132,2.200589259224799
2.6089190589370927,2.20633350595051
2.6113218714927977,2.208188756890997
2.61220602063618,2.2132060545587606
2.6122388622459383,2.2135430198651127
2.6130875186167937,2.2171441151146256
2.6118306283243835,2.212393673269212
2.6111981139220473,2.2197210334102615
2.610947119234732,2.2191947340185747
2.612212728134087,2.2260118815784247
2.6126642385352272,2.227446168703668
2.6117130178174928,2.2259894915611347
2.6109397322928296,2.2295571619502463
2.610825956837455,2.2270217700316777
2.609087129441541,2.225657949446805
2.607357771316908,2.225317238718907
2.6066501429641153,2.2295311843512997
2.6069746134099216,2.2287908770694345
2.604986495272601,2.224270988331212
2.6038130970213778,2.2292518811285618
2.6026861640882304,2.226927352425636
2.601522026794703,2.2291952517953297
2.601217070824243,2.2272505021042894
2.5991423991935387,2.2240208383245323
2.596912257326213,2.222798666549769
2.595903564764558,2.2266540544001083
2.595896844144089,2.225008340783488
2.595080887486933,2.2275084214567342
2.593637652810567,2.22480860489136
2.59105774009942,2.2205796675360316
2.5893011448698844,2.217497786046889
2.586790611494615,2.2148719556336025
2.585206217644234,2.2170599234299795
2.58415308719507,2.2175744798607964
2.584911226311736,2.2219005054908707
2.583620498818299,2.21728360972016
2.581276844558418,2.21520397401287
2.580199662148404,2.21923530481381
2.5787213105109816,2.210483409950209
2.576641845497404,2.212994322855246
2.5755295435248975,2.213706016697255
2.5728124483656356,2.2063820834106544
2.571366177086035,2.2068317326046127
2.570064883326719,2.2075509684184578
2.567701068725707,2.20222309864895
2.5654678762953784,2.2025274097818444
2.56523484695507,2.203662567079005
2.5636203481126705,2.2008487421879184
2.562574559404128,2.204346104870657
2.5602891337641087,2.1975279395884884
2.5580578457675354,2.1985259021599024
2.5574308790535647,2.19737162791732
2.556675026332893,2.2004843159318184
2.555728330623699,2.1999171903757184
2.5538552792232587,2.1972960287165977
2.552935003131173,2.1963206152294212
2.5505996726508227,2.1922559750346413
2.5490306903171227,2.1947957463361747
2.5472818255947773,2.1918730431851965
2.5457027458105013,2.1878148661068315
2.542931897269677,2.1842869097358664
2.5401585852901265,2.181467367990319
2.5378753554529268,2.1805408969273
2.536031053149437,2.174869575518943
2.5349827190329304,2.180562281392256
2.534009082766493,2.178872191198688
2.5328796435923047,2.1803381998316786
2.532715758698531,2.1797079720422934
2.530855520197743,2.1767769857679515
2.528398757872608,2.1739410264955095
2.5263763843218876,2.173779224788961
2.5263798875202084,2.1758664910175063
2.5253528351530288,2.1751201622236134
2.5239268073718186,2.17478191361422
2.5210901052673953,2.168387650430409
2.60160074611371,2.193236428107498
2.6052478366470955,2.230296978880848
2.627514190417291,2.186969187927889
2.5805214685250544,2.1267693423680427
2.596272281409945,2.2113402428424003
2.604004756446318,2.1492655476971407
2.5507939367449506,2.1827454572921394
2.588692713521756,2.107939160262726
2.5470254753957056,2.1526674744797347
2.608034039402455,2.1921763157257073
2.5738178050365246,2.2239154540312103
2.616308632854238,2.200874589226642
2.624888279006826,2.1735770962807495
2.6157277630367144,2.2245227179359417
2.603870333858177,2.210563343063423
2.616752496999902,2.1989840628894526
2.6203845043985488,2.206602526390696
2.59512350103712,2.163771381323117
2.6029680819163628,2.2461140497166525
2.6177553994461027,2.2455697353273405
2.6149579846165856,2.2155759446260097
2.585051610304248,2.2546901281506786
2.6052637527704636,2.2345807008517986
2.6114749225269347,2.2860889158126407
2.6092709268077754,2.187117461394464
2.6105585256956463,2.17691704282474
2.618743398355345,2.175726457250243
2.570005621296775,2.1880354972477716
2.5882965673220237,2.145896780632616
2.5975446560436484,2.149433479113857
2.6019341925781183,2.199554772369371
2.6126507401193715,2.2368790754521237
2.5921961730526384,2.169968721282983
2.6337754925619667,2.1774762697753465
2.61474760301188,2.184745763185735
2.6044464027261984,2.2137178572050797
2.5777191383399556,2.1594592394573837
2.6013768630334484,2.204799577120435
2.6113291636466816,2.214812828568922
2.615729373721294,2.2216976802365545
2.6184749896983734,2.229871018817981
2.61991425028536,2.2326794550936215
2.6215855014458147,2.236760084438726
2.621457120928702,2.2365153349662807
2.620706966312226,2.238170145916925
2.6200265917501553,2.2397632585864073
2.621299967083103,2.245741400426077
2.6211733203532104,2.2448599603346477
2.621022500029554,2.250027685692909
2.6215915559153657,2.254857994172168
2.6221611337466206,2.2532350182319085
2.620366252495582,2.2498979123752023
2.6182465191566755,2.248900580969367
2.61704772513762,2.2515560052047885
2.6174467230650156,2.253055710009051
2.6166616981279125,2.253130615619998
2.6150164985188082,2.250893869923144
2.613033680410378,2.249637279481805
2.6110252581733815,2.248111867882329
2.6105687150568935,2.2490685369980365
2.6093054480222357,2.248294387057461
2.608093892541498,2.249451852298207
2.6063794935227884,2.246832109505764
2.605326469700074,2.245035529128458
2.603116946864928,2.242062710493671
2.599300807529551,2.2328668860847025
2.596538330040936,2.2350204109603276
2.5955346088470908,2.232010124578378
2.5935244256682606,2.2307265781704566
2.5915097360418544,2.229223056945638
2.588792517310347,2.224386338866691
2.5865202477214044,2.2192864011160025
2.5836339605896037,2.216726536717469
2.581131559121729,2.214809097068719
2.5782325596588156,2.210022234092576
2.575881076674911,2.204784394487782
2.5724715078378675,2.1998916647102496
2.569926616078677,2.1999352392091986
2.566413434881201,2.1910161951703366
2.5634896718486546,2.186404123014752
2.5600845315486107,2.182015396876964
2.5566083586788957,2.177228598566408
2.5529541485891074,2.171934050433265
2.5500846281427823,2.1656117618464634
2.5462908995562725,2.160436804934951
2.5420961527990915,2.153254869236544
2.53788591973233,2.1478623621847044
2.5332880183815862,2.139491091677912
2.530224905522424,2.13563104904691
2.5264417368916288,2.129370371985456
2.521992559682917,2.121836316182089
2.5171352762015236,2.114122536683562
2.5132668972384264,2.1064766288529704
2.5088957544973725,2.1012128153449443
2.5045322111901163,2.0944081463612054
2.499584605348049,2.0859204482173745
2.4956464677641237,2.0788656386723585
2.490913702607092,2.071876590517404
2.4859625646484713,2.064228954130012
2.48106444917306,2.0576721460967704
2.4768945024373017,2.0484260079736334
2.4714685528455997,2.040510562956354
2.4657198948810604,2.031135352241329
2.4602265958820455,2.0245920659769547
2.4565543780355035,2.018821631649312
2.451744004016415,2.0110628632372634
2.445833542166104,2.0006377688185593
2.4397502536960847,1.993076852281884
2.435114611740237,1.9849993497983143
2.43005152335971,1.9797509465964025
2.4246867865408563,1.9707675547726116
2.418313560074265,1.9610090523059662
